country,count
India,280
China,52
Pakistan,33
United States,30
Saudi Arabia,18
Thailand,17
Nigeria,17
Bangladesh,16
Malaysia,15
Switzerland,14
Brazil,14
Germany,13
Japan,13
Italy,13
Nepal,12
Egypt,12
Singapore,11
Ethiopia,9
Turkey,8
Kenya,8
Australia,8
Netherlands,8
South Africa,7
Israel,7
Saudi Arabia.,7
Saudi Arabia,,7
Poland,6
Indonesia,6
Greece,5
United Kingdom,5
Myanmar,5
Jersey,5
France,5
Romania,5
Mexico,5
Argentina,4
Congo,4
Canada,4
Sri Lanka,,4
Hong Kong,4
Jordan,4
Tunisia,4
Niger,4
Uganda,4
United States,,3
United States;,3
Morocco,3
Mali,3
Iraq,3
Belgium,3
Guinea,3
Madagascar,3
South Africa,,3
Sri Lanka,3
United Arab Emirates,3
Spain,3
Cuba,3
Cameroon,3
Austria,3
Monaco,3
Colombia,3
Hungary,3
Serbia,3
Denmark,3
United States.,2
Sudan,2
Portugal,2
Hong Kong,,2
Sri Lanka.,2
Yemen,2
Libya,2
Bulgaria,2
South Africa.,2
Croatia,2
Oman,2
Algeria,2
New Zealand,2
Ireland,2
Philippines,2
Sri Lanka?,1
Christmas Island,,1
Cambodia,1
Guyana,1
Chile,1
Zambia,1
Ghana,1
Bahrain,1
Hong Kong.,1
Georgia,1
Democratic Republic of the Congo,1
Jamaica,1
Viet Nam,1
Sweden,1
Lebanon,1
Czech Republic,1
United Kingdom.,1
Cyprus,1
Gabon,1
French Polynesia,,1
New Caledonia,,1
Burundi,1
Togo,1
Norway,1
Cook Islands,,1
Botswana,1
Montenegro,1
