binomial,count
Ocimum sanctum,417
Ocimum basilicum,90
Staphylococcus aureus,59
Ocimum gratissimum,53
Escherichia coli,52
Ocimum tenuiflorum,52
Enterococcus faecalis,44
Pseudomonas aeruginosa,42
Azadirachta indica,42
Candida albicans,35
Curcuma longa,31
Withania somnifera,30
O. sanctum,30
Ocimum americanum,26
Streptococcus mutans,26
Camellia sinensis,24
Salvia officinalis,22
Aloe vera,21
Allium sativum,20
O. basilicum,19
Emblica officinalis,18
Arabidopsis thaliana,18
Zingiber officinale,18
Fusarium oxysporum,17
Tinospora cordifolia,16
Momordica charantia,16
Ocimum kilimandscharicum,16
Syzygium aromaticum,15
Terminalia chebula,15
Rosmarinus officinalis,14
O. tenuiflorum,14
Centella asiatica,14
Vitis vinifera,14
Mangifera indica,14
Bacillus subtilis,14
Cinnamomum zeylanicum,13
Aegle marmelos,13
O. gratissimum,13
Nigella sativa,12
Salvia miltiorrhiza,12
Andrographis paniculata,12
Eugenia jambolana,12
Cronobacter sakazakii,12
Propionibacterium acnes,12
O. americanum,12
Aedes aegypti,11
Colletotrichum gloeosporioides,11
Fusarium graminearum,11
Psidium guajava,11
Glycyrrhiza glabra,11
Aspergillus flavus,11
Solanum lycopersicum,11
Nicotiana tabacum,11
Prevotella intermedia,11
Botrytis cinerea,10
Porphyromonas gingivalis,10
Thymus vulgaris,10
Cymbopogon citratus,10
Alternaria alternata,9
Adhatoda vasica,9
Piper betle,9
Phyllanthus emblica,9
Catharanthus roseus,9
Salvia guaranitica,9
Cassia fistula,9
Plasmodium falciparum,9
O. kilimandscharicum,9
Medicago sativa,9
E. coli,9
Ocimum micranthum,9
Staphylococcus epidermidis,9
Mentha piperita,9
Ocimum citriodorum,8
Aspergillus fumigatus,8
Citrus albicans,8
Carum copticum,8
Streptomyces coelicolor,8
Origanum vulgare,8
Salmonella typhimurium,8
Oryza sativa,8
U. dioica,8
Platostoma aeruginosa,8
Aspergillus niger,8
Leucas aspera,8
Ocimum canum,8
Aggregatibacter actinomycetemcomitans,8
Klebsiella pneumoniae,8
Artemisia annua,7
Acacia arabica,7
Bacillus cereus,7
Helicobacter pylori,7
Helicoverpa armigera,7
Culex quinquefasciatus,7
Ginkgo biloba,7
Lavandula angustifolia,7
Aloe barbadensis,7
Murraya koenigii,7
Ocimum africanum,6
Piper nigrum,6
Cannabis sativa,6
Rhizoctonia solani,6
Punica granatum,6
Coriandrum sativum,6
Thevetia neriifolia,6
Peronospora belbahrii,6
Citrus aurantifolia,6
Memecylon edule,6
Terminalia bellirica,6
Candida neoformans,6
Monarda citriodora,6
Brassica juncea,6
Mimusops elengi,6
Salvadora persica,6
Hyptis suaveolens,6
Ocimum labiatum,6
Carica papaya,6
Acorus calamus,6
Citrus limon,6
Coptidis rhizome,6
Bacillus pumilus,6
Piper longum,6
C. longa,6
Cissus quadrangularis,6
Citrus sinensis,5
Cajanus cajan,5
Chromobacterium violaceum,5
Mentha spicata,5
Nepeta cataria,5
Glycine max,5
Aspergillus parasiticus,5
Salmonella typhi,5
Centratherum anthelminticum,5
Moringa oleifera,5
Chelidonium majus,5
Streptococcus aureus,5
Memecylon umbellatum,5
Listeria monocytogenes,5
Syzygium cumini,5
Lawsonia inermis,5
Platostoma rotundifolium,5
Hypericum perforatum,5
Desmostachya bipinnata,5
Memecylon wightii,5
Pogostemon cablin,5
Mycobacterium tuberculosis,5
Memecylon malabaricum,5
Eucalyptus globulus,5
Ageratum conyzoides,5
Ocimum vulgare,5
Shigella flexneri,5
W. somnifera,5
Gymnema sylvestre,5
Acne vulgaris,5
Fusarium proliferatum,5
Proteus vulgaris,5
Selaginella moellendorffii,4
E. officinalis,4
Colletotrichum acutatum,4
Nardostachys jatamansi,4
Lactobacillus acidophilus,4
Solanum tuberosum,4
Zataria multiflora,4
Prunus persica,4
Salmonella aureus,4
Pulicaria glutinosa,4
Streptococcus pyogenes,4
Satureja hortensis,4
Melia azedarach,4
Pongamia pinnata,4
Calotropis procera,4
Fusarium verticillioides,4
Agrobacterium thaliana,4
Melissa officinalis,4
Sclerotinia sclerotiorum,4
Canna indica,4
Agrobacterium tumefaciens,4
Morinda citrifolia,4
Cladosporium tenuissimum,4
Osimum sanctum,4
Alpinia actinomycetemcomitans,4
Bhavana samskara,4
Buchholzia coriacea,4
Cinnamomum camphora,4
Mimulus guttatus,4
Salvia fruticosa,4
Thymus pulegioides,4
Brassica napus,4
Rhizoctonia bataticola,4
Chaetomium coarctatum,4
Rhizopus oryzae,4
M. charantia,4
Populus trichocarpa,4
Aedes paniculata,4
Mentha arvensis,4
Trachyspermum ammi,4
Memecylon talbotianum,4
Hyptis pectinata,4
Cronobacter violaceum,4
Gloriosa superba,4
Ca. sinensis,4
Macrophomina phaseolina,4
Meyerozyma phaseolina,4
Cynodon dactylon,4
Acacia nilotica,4
Cymbopogon flexuosus,4
Rhizopus stolonifer,4
Streptococcus pneumoniae,4
Aedes albopictus,4
Persea major,4
Ganoderma lucidum,4
Solanum xanthocarpum,4
Aedes stephensi,4
Satureja scardica,4
Hippophae rhamnoides,4
Pelargonium citrosum,4
Papaver somniferum,3
Rhaphidophora decursiva,3
N. sativa,3
Marrubium vulgare,3
O. filamentosum,3
Plumbago zeylanica,3
Satureja aureus,3
Bacillus amyloliquefaciens,3
Hanceola sinensis,3
M. indica,3
Trichophyton rubrum,3
Panax ginseng,3
Rauvolfia serpentina,3
Leonurus officinalis,3
Streptococcus sanguis,3
Candida krusei,3
Staphylococcus pyogenes,3
C. sativus,3
Leonurus cardiaca,3
Apium graveolens,3
Centratherum krusei,3
Selaginella lycopersicum,3
Jatropha curcas,3
Physcomitrella patens,3
Diplazium esculentum,3
Tinospora cardifolia,3
Ocimum kilmund,3
O. campechianum,3
Ci. tamala,3
Cymbopogon limon,3
Plasmodium berghei,3
Jatropha gossypifolia,3
Perilla frutescens,3
Achyranthes aspera,3
Salvia lycopersicum,3
Centratherum albicans,3
Rattus norvegicus,3
Streptomyces sp,3
Candida tropicalis,3
Salmonella enterica,3
Ziziphora tenuior,3
Streptococcus faecalis,3
Penicillium putida,3
Eucalyptus grandis,3
Diaporthe phaseolorum,3
Lantana camara,3
Glechoma hederacea,3
Allium cepa,3
G. biloba,3
Daucus carota,3
S. cumini,3
Ocimum campechianum,3
Artemisia sieberi,3
Fusobacterium nucleatum,3
S. officinalis,3
Triticum aestivum,3
Cryptococcus neoformans,3
R. damascena,3
Ficus benghalensis,3
Boehmeria nivea,3
Calendula officinalis,3
Garcinia pedunculata,3
Xylopia aethiopica,3
B. monosperma,3
Satureja lateriflora,3
Citrus jambhiri,3
Podophyllum hexandrum,3
Prevotella gingivalis,3
Myrtus communis,3
Ficus religiosa,3
Pterocarpus marsupium,3
Silybum marianum,3
S. mutans,3
Justicia adhatoda,3
Sesamum indicum,3
Anopheles stephensi,3
E. angustifolia,3
Saccharomyces cerevisiae,3
S. aureus,3
Proteus mirabilis,3
Viola odorata,3
Artemisia thaliana,3
A. thaliana,3
Ocimum adscendens,3
Satureja lotsyi,3
Ocimum sacharicum,3
Staphylococcus mutans,3
O. polystachyon,3
Sorghum bicolor,3
Chenopodium aristatum,3
Avena sativa,3
Spinacia oleracea,3
Euterpe oleracea,3
Taxus brevifolia,3
Ocimum majorana,3
Fagonia arabica,3
Cu. longa,3
Ferula gummosa,3
Rhinacanthus nasutus,3
Klebsiella pneumonia,3
Salmonella enteritidis,2
R. sativus,2
Bauhinia variegata,2
Cinnamomum albicans,2
Salvia santolinifolia,2
Capsicum sativum,2
Coriandrum angustifolia,2
Bipolaris maydis,2
Piper betel,2
Satureja lavandulifolia,2
Elaeocarpus ganitrus,2
Colocasia esculenta,2
R. cordifolia,2
V. thapsus,2
Lamium garganicum,2
A. calamus,2
Brassica rapa,2
Echinacea purpurea,2
J. nudiflorum,2
Solanum littoralis,2
Oliveria decumbens,2
Satureja mutants,2
Hypoxylon sp,2
Salvia allagospadonopsis,2
Podophyllum peltatum,2
Melissa vulgare,2
Celtis africana,2
Datura metel,2
Nerium oleander,2
Satureja sobrinus,2
Piper tuberosa,2
Tetrapagon tenellus,2
Brassica campestris,2
Olea tenuiflorum,2
Satureja byzantina,2
Cinnamomi cortex,2
Salvia nipponica,2
Capsicum aromaticus,2
Citrus tropicalis,2
Avena lebbeck,2
Actinoplanes campanulatus,2
Citrus nardus,2
Hedychium spicatum,2
Piper rosea,2
O. canum,2
Usnea barbata,2
Streptomyces virginiae,2
Trypanosoma brucei,2
Salvia acetabulosa,2
P. aeruginosa,2
Mucor suaveolens,2
Boesenbergia pandurata,2
Coptis chinensis,2
Satureja salivarius,2
Streptomyces griseus,2
Commiphora opobalsamum,2
Cannabis cortex,2
Melissa piperita,2
Zingiber cassumunar,2
Streptomyces avermitilis,2
Croton zambesicus,2
Glycyrrhizae radix,2
Chlorophytum arendinaceum,2
Podophyllum pubescens,2
Canna albicans,2
Turmeric curcumin,2
Benincasa hispida,2
Carthamus tinctorius,2
R. norvegicus,2
Hypocrea lixii,2
Stachys lavandulifolia,2
Streptomyces filipinensis,2
Ocimum minimum,2
Elymus purpurea,2
Meyerozyma guilliermondii,2
Micromonospora chalcea,2
Tridax procumbens,2
Penicllium aeruginosa,2
Lepidium sativum,2
Ocimum bacilicum,2
Theobroma cacao,2
Commelina communis,2
Streptococcus mutants,2
Avena farnesiana,2
Paeoniae radix,2
Gossypium hirsutum,2
Aspergillus alternaria,2
Nicotiana tabaccum,2
Foeniculum vulgare,2
Micrococcus luteus,2
Jatropha adhatoda,2
Capsicum annuum,2
Rhazya stricta,2
Hibiscus sabdariffa,2
Gnidia glauca,2
Ficus septica,2
Centratherum dubliniensis,2
Saussurea lappa,2
M. phaseolina,2
Streptomyces atrovirens,2
Baccharis dracunculifolia,2
Phyllostachys pubescens,2
Centratherum glabrata,2
Trigonella foenumgraecum,2
P. paniculata,2
Satureja stricta,2
Platanus occidentalis,2
Haemophilus influenzae,2
Fusarium culmorum,2
C. limon,2
Gardenia jasminoides,2
Syzygium cuminum,2
A. holosericea,2
Acorus tuber,2
Doipyros kaki,2
Enterobacter aerogenes,2
Streptococcus salivarius,2
Selaginella miltiorrhiza,2
Salvia nemorosa,2
Carica limon,2
S. americanum,2
Sargassum bovinum,2
Momordica cochinchinensis,2
Lactobacillus brevis,2
Centratherum tropicalis,2
Bombax ceiba,2
Dioscorea bulbifera,2
Apium tumefaciens,2
Digitalis nodosa,2
Picrorhiza kurroa,2
F. benghalensis,2
Acacia viscosus,2
Avena vera,2
Triticum sativum,2
Zingiber officinalis,2
Agrimonia sativum,2
Hansenula saturnus,2
Elymus maculata,2
Malva verticillata,2
Pueraria tuberosa,2
Bacopa monniera,2
E. helioscopia,2
Psidium aeruginosa,2
Mangifera fragrance,2
Satureja khuzestanica,2
Rakta mokshana,2
Gingko biloba,2
Vitex negundo,2
Sinapis alba,2
Caesalpinia bonducella,2
Pseudomonas putida,2
Streptococcus pneumonia,2
Rumex palustris,2
Centratherum parapsilosis,2
Salvia chloroleuca,2
Alternaria brassicicola,2
Vibrio cholerae,2
Capsicum citratus,2
M. azadirachta,2
Scutellaria lateriflora,2
Rheum officinalis,2
Salvia przewalskii,2
Melissa spicata,2
Neisseria gonorrhea,2
Ocimum kilimandschericum,2
Ageratum cepa,2
Euphorbia granulate,2
Salvia cumini,2
Salvia isensis,2
Melissa aquatica,2
Delphinium denudatum,2
Inula helenium,2
Avena scoparia,2
Phytophthora capsici,2
Datura stramonium,2
Valeriana wallichii,2
Sapindus mukorrossi,2
Erythranthe guttata,2
Ochrobactrum rhizosphaerae,2
Vigna radiata,2
S. guaranitica,2
Rosa mosqueta,2
Salvia tuxtlensis,2
Piper sarmentosum,2
Avena arvensis,2
Ocimum tenuflorium,2
Persea americana,2
Anogeissus latifolia,2
Salvia leriifolia,2
Salvia japonica,2
Avena arabica,2
Panax quinquefolium,2
Citrus neoformans,2
Lamium purpureum,2
Nelumbo nucifera,2
Raphanus sativus,2
Cinnamomum tamala,2
Jasminum grandiflorum,2
Cannabis sativus,2
Tectona grandis,2
Aegle paniculata,2
Salvia compressa,2
Streptococcus sobrinus,2
Cinnamomum cassia,2
Cunninghaimia lanceolata,2
P. pubescens,2
A. scholaris,2
Agrimonia cepa,2
M. speciosa,2
Citrus medicalinn,2
T. bellerica,2
Ipomoea batatas,2
Streptococcus sorbinus,2
Staphylococcus epidermis,2
Thlaspi arvense,2
A. fraasii,2
Sorghum saccharatum,2
Salvia lavandulifolia,2
Jasimunum nudiflorum,2
Arctium lappa,2
Barleria prionitis,2
Fusobacterium necrophorum,2
Escherichia faecalis,2
Avena roylei,2
Butea monosperma,2
Capsicum longa,2
Commiphora molmol,2
Camelia sinensis,2
Helianthus annuus,2
Streptococcus sanguinis,2
Artemisia tumefaciens,2
Trigonella foenum,2
Melaleuca alternifolia,2
Satureja mirzayanii,2
F. religiosa,2
Desmodium gangeticum,2
A. dracunculus,2
C. citratus,2
Pisum sativum,2
Sapindus mukorossi,2
Thymus polium,2
S. supinus,2
Botrytis maydis,2
Citrus bergamia,2
S. typhimurium,2
Cinnamomum verum,2
Inula verum,2
Digitalis ciliaris,2
Enterobacter sakazakii,2
Streptococcus mitis,2
R. officinalis,2
Xanthomonas axonopodis,2
Anacardium occidentale,2
Psidium gingivalis,2
Artemisia seiberi,2
Dodonaea viscosa,2
A. taygetea,2
Cacumen platycladi,2
Mentha suaveolens,2
Bacillus licheniformis,2
Penicillium digitatum,2
Candida glabrata,2
Mangifera piperita,2
Aspergillus tenuissima,2
Candida dubliniensis,2
Enterobacter cloacae,2
Penicllium digitatum,2
Asparagus adscendens,2
Linum usitatissimum,2
Emblica globules,2
Leonurus purpureum,2
Artemia salina,2
Amaranthus spinosus,2
Satureja inflata,2
Boswellia serrata,2
Salmonella pneumoniae,2
Streptomyces spiralis,2
Mentha pulegium,2
Satureja sanguis,2
Cinnamom zeylanicum,2
Acne fulminans,2
Memecylon talbotianium,2
Salvia hydrangea,2
Matricaria chamomilla,2
Enterococcus coli,2
Lavandula hybrida,2
Ocimum selloi,2
Solanum dulcamara,2
Hamamelis virginiana,2
S. miltiorrhiza,2
Oenothera biennis,2
Paeciloneuron indicum,2
Origanum compactum,2
Betonica officinalis,2
Cannabis sinensis,2
Coriandrum didymus,2
Rosa damascene,2
Alternaria tenuissima,2
L. acidophilus,2
Aconiti tuber,2
P. nodiflora,2
Coriandrum bonariensis,2
Elymus viminalis,2
Salvia aureus,2
Capsicum asiatica,2
O. carnosum,2
Mangifera koenigii,2
Ocimum viride,2
S. sanguis,2
Lavandula officinalis,2
Chenopodium ambrosioides,2
A. paniculata,2
H. antidysenterica,2
Holarrhena antydysentria,2
P. hysterophorus,2
Curcuma albicans,2
Mentha longifolia,2
Malva indica,2
Aloe paniculata,2
V. faba,2
Barleria lupulina,2
Salvia tomentosa,2
Bauhinia purpurea,2
Ocimum suave,2
Ampelopteris prolifera,2
Cladosporium albicans,2
Solanum typhimurium,2
Ascarina lucida,2
Ficus fistulosa,2
O. citriodorum,2
Z. armatum,2
Trollius ledebouri,2
C. colocynthis,2
Candida parapsilosis,2
S. mitis,2
Ocimum sativa,2
Citrus aurantium,2
Clerodendrum phlomidis,2
L. barbarum,2
Coriandrum pepo,2
Myristica fragrance,2
S. marianum,2
Salvia glabrescens,2
Ocimun sanctum,2
Satureja bachtiarica,2
Epifagus virginiana,2
Allium roylei,2
Eucalyptus camaldulensis,2
Aedes stephenesi,2
Aegle marmelose,2
Trollius chinensis,2
Terminalia belerica,2
O. adscendens,2
Litsea nobilis,2
Magnolia officinalis,2
Stephania tetrandra,1
Nepeta cateria,1
Streptomyces aureus,1
Cecropia pachystachya,1
Colletotrichum zeylanicum,1
Streptomyces violaceus,1
Carthamus ticntorius,1
O. campechanium,1
Artemisia nilargirica,1
Achillea millefolium,1
Pisonia alba,1
O. viride,1
Fusarium solani,1
Solanum anguivi,1
Carum krusei,1
Avena spinosus,1
Codonopsis pilosula,1
Z. multiflora,1
Podophyllum emodii,1
S. faecalis,1
Triaanthema monogyna,1
Cucumis sativus,1
Poncirus trifoliata,1
Amycolatopsis orientalis,1
Enterobacter faecalis,1
Bungarus fasciatus,1
Origanum syriacum,1
Medicago trucatula,1
Cymbopogon martini,1
Scutellaria baicalensis,1
Atropa belladonna,1
Pseudomonas aeruginos,1
Garcinia mangostana,1
Rhizophora mucronata,1
Stachytarpheta jamaicensis,1
Diospyros quaesita,1
Colletotrichum orbiculare,1
S. bengalensis,1
Eupatorium cannabinum,1
Salvia epidermindis,1
Cassia tora,1
Peltophorum pterocarpum,1
Rumex crispus,1
Actinidia deliciosa,1
Vata kaphaghna,1
Capsicum annum,1
Hansenula spontaneum,1
Devosia mutans,1
Diospyros kaki,1
Medicago truncatula,1
Euphorbia condylocarpa,1
Penicillium persica,1
Statistical analysis,1
Wilayati tulsi,1
Parinari capensis,1
Lonicera hypoglauca,1
Dunaliella salina,1
O. selloi,1
Fusarium subglutinans,1
Bacillus megaterium,1
Bidens pilosa,1
Sambucus nigra,1
Moutan cortex,1
Porphyromonas emblica,1
Leonotis leonurus,1
Argemone mexicana,1
Geum quellyon,1
Ceratopteris borivialinum,1
Vitis vinefera,1
Cymbopogon lanceolata,1
Artemisia nilagirica,1
Galleria mellonella,1
Epinephelus coioides,1
Coccinia indica,1
Sarcandra glabra,1
Uncaria tomentosa,1
Spirodela polyrhiza,1
Salvia mirzayanii,1
Rosa indica,1
Brevibacillus agri,1
Eugenia aromaticum,1
Origanum majorana,1
Tridax procumbers,1
Spodoptera littoralis,1
Curcuma zedoaria,1
Matricaria aquifolium,1
Stryphnodindron adstringens,1
Thuja occidentalis,1
Amaranthus polygonoides,1
Elettaria cordamomum,1
Melissa villosa,1
Streptomyces exfoliates,1
A. occidentale,1
Cymbopogon citrates,1
Hibiscus cannabinus,1
Pediococcus acidilactici,1
Aristolochia indica,1
Glossocalyx brevipes,1
Shigella sonnei,1
Acacia chundra,1
Stryphnodendron pulcherrimum,1
Friesodielsia discolor,1
Azadiratchta indica,1
Phyllostachys nigra,1
Salvia macrochlamys,1
Streptomyces lydicus,1
Hyoscymus muticus,1
Matricaria chamomile,1
Zinziber officinale,1
Ecklonia cava,1
Phylanthus amblica,1
Aspergillus clavatus,1
Chrysobalanus icaco,1
Pinus resinosa,1
Komagataeibacter xylinus,1
Chlorophytum borivilianum,1
Crocus sativus,1
Incarvillea sinensis,1
Plasmodium malariae,1
Fusarium chlamydosporum,1
Ocimum forskolei,1
Elymus repens,1
Swertia chirayita,1
Pothomorphe peltata,1
Melissa longifolia,1
Scedosporium apiospermum,1
Plumbago rosea,1
Cymbopogon proximus,1
Vernonia anthelmintica,1
Trichoderma asahii,1
Streptomyces hygroscopicus,1
Elymus globulus,1
Lactobacillus fermentum,1
Ethics statement,1
Mimusops elelngi,1
Bupleurum falcatum,1
Matricaria recutita,1
Cornus florida,1
Corynespora cassiicola,1
Syzygium lineare,1
Achillea fragrantissima,1
Ocimum uttricifolium,1
Thymus zygis,1
Cogniauxia podolaena,1
Bellis perennis,1
Anopheles subpictus,1
M. alba,1
Sweet basil,1
Casimiroa edulis,1
Bacillus subtilus,1
Euphorbia esula,1
Lavandula vera,1
Stachys inflata,1
Penicillium avellaneum,1
Eugenia caryophyllata,1
Streptomyces plicatus,1
Panax deflexa,1
Commiphora winterianus,1
Tripterygium wilfordii,1
Lactarius piperatus,1
Cunninghamia lanceolata,1
Acacia concina,1
Knema glauca,1
P. amarus,1
Citrus citratus,1
Solanum suratense,1
Staphylococcus flavescens,1
Lactuca saligna,1
Xanthomonas campestris,1
Doryphora sassafras,1
Aesculus hippocastanum,1
Mimulus truncatula,1
E. globulus,1
Nicotiana benthamiana,1
Nannochloropsis oculata,1
Artemisia monosperma,1
Chrysanthemum nankingense,1
Acrostichum aureum,1
Porphyromonas endodontalis,1
Citrus medica,1
Aporosa octandra,1
Morus alba,1
Aspergillus ochraceus,1
Clinacanthus lutans,1
Lupinus albus,1
Allium fistulosum,1
Azardiracta indica,1
Staphylococcus bulderi,1
Citrullus colocynthis,1
Holarrhena antidysenterica,1
Eucalyptus dives,1
Aloe arabica,1
Zingiberis rhizoma,1
Lippia javanica,1
Gerbera jamesonii,1
Streptomyces cacaoi,1
Hibiscus rosa,1
Panax capillacea,1
Clonostachys rosea,1
Ocimum basilica,1
R. chalepensis,1
Withania sominefera,1
Alternaria carthami,1
Alterneria carthami,1
Picrorhiza kurrooa,1
Phaeocystis antarctica,1
Thymus hycranicum,1
Desulfovibrio desulfuricans,1
Lachancea thermotolerans,1
Asthenatherum forkalii,1
Penicillium citrinum,1
Euphorbia hirta,1
Eugenia jumbolata,1
Cinnamomum bejolghota,1
Mentha cordifolia,1
Blechnum orientale,1
Callosobruchus maculatus,1
Ceratopteris thalictroides,1
Streptomyces achromogenes,1
Liquidambar formosana,1
Peptostreptococcus micros,1
Bacillus cecembensis,1
Ocimum xafricanum,1
Berberis aristata,1
Lavandula amgustifolia,1
L. cristata,1
Orthosiphon stamineus,1
Ocimum tenuiflurum,1
Delonix elata,1
Galanthus woronowii,1
Acacia mearnsii,1
Macleaya cordata,1
Lantana grisebachii,1
Musa paradisica,1
Achyranthis radix,1
Bellis serrata,1
Streptomyces lividans,1
Ocimum bascilicum,1
Zingiber cassumuna,1
Dioscorea oppositifolia,1
Swertia chirata,1
Olea europaea,1
Aloe nilotica,1
Sideritis stricta,1
Commiphora mukul,1
Camptotheca acuminata,1
Toddalia asiatica,1
Camptotheca acuminate,1
Trichoderma harzianum,1
Stenochlaena mulayanum,1
Butea frondosa,1
Taraxacum officinale,1
Crataegus crenulata,1
Juglans regia,1
Thymus algeriensis,1
Citrus limonum,1
Ishige sinicola,1
P. artemisiae,1
Colletotrichum coccodes,1
Echinacea purpura,1
Tephrosia vogelii,1
Callophycus serratus,1
Musa oleifera,1
O. labiatum,1
Combretum trifollatum,1
Mimosa tenuiflora,1
Coriandrum occidentalis,1
Zingiberis hizome,1
Bacillus cereu,1
Maginfera indica,1
Propionibacterium granulosum,1
Lichen planus,1
Clostridium perfringens,1
Rhodomyrtus tomentosa,1
Usnea barbat,1
Christella dentata,1
L. camara,1
Pongamia emblica,1
Ledum latifolium,1
Ricinus communis,1
Samadera indica,1
Coriandrum erigeron,1
Inula vernum,1
Carum dubliniensis,1
Anethum graveolens,1
Caenorhabditis elegans,1
Tetranychus urticae,1
Pulicaria undulata,1
Adhathoda vasica,1
O. africanum,1
Smithia sensitiva,1
Calotropi sgigantia,1
Melissa deserti,1
Celastrus paniculatus,1
Miliusa cuneatas,1
Calophyllum inophyllum,1
Echeveria gibbiflora,1
Clausena pentaphylla,1
Microglossa pyrifolia,1
Phragmites australis,1
Lactobacillus bulgaricus,1
Salmonella paratyphi,1
Plasmodium vivax,1
Staphylococcus albus,1
Anogeissus indica,1
Buxus sempervirens,1
Gongronema napalense,1
I. linifolia,1
Cronobacter sakazaii,1
Coriaria nepalensis,1
Panax leiocarpa,1
Alpinia galangal,1
Pneumocystis species,1
Musa paradisiaca,1
Aggregatibacter viscosus,1
P. cuspidatum,1
Ocimum samctum,1
Prosopis juliflora,1
Eugenia telmateia,1
Berberis aquifolium,1
Cymbopogon pendulous,1
Solanum pseudocapsicum,1
Oroxylum indicum,1
Phragmites aeruginosa,1
Teucrium yemense,1
Moronobea coccinea,1
Eugenia cumini,1
Podophyllum incarnata,1
Arthrinium arundinis,1
Bacopa monnieri,1
S. pyogenes,1
Psidium guava,1
Boea hygrometrica,1
Serratia ureilytica,1
Mucor mucedo,1
Abutilon indicum,1
Juniperus communis,1
O. kampechianum,1
Pantoea ananatis,1
Satvavajay chikitsa,1
Suaeda monoica,1
Lantana camera,1
Rourea minor,1
Staphylococcus boulardii,1
Artocarpus lakoocha,1
Eurycoma longifolia,1
Proteus aeruginosa,1
Corni fructus,1
Krameria triandra,1
Ageratum sativum,1
F. nucleatum,1
Plantago ovata,1
Ceratopteris malabaricus,1
Alpinia galanga,1
Salvia fruticose,1
Ledum minor,1
Azorhizobium caulinodans,1
Artemisia paniculata,1
Catha edulis,1
Sterculia villosa,1
Cyberlindnera saturnus,1
Ocimum gratissium,1
Ocimum tenuiforum,1
Carum albicans,1
Isodon eriocalyx,1
Coriandrum barbata,1
Micrococcus flavus,1
Helichrysum italicum,1
Psychotria carthagenensis,1
Sideritis lotsyi,1
Radix astragali,1
Rheum palmatum,1
P. granatum,1
Raphanus raphanistrum,1
Litchi chinensis,1
Carpesium divaricatum,1
Hamamelis perforatum,1
Parthenium hysterophorus,1
Carpesium spicatus,1
Malassezia furfur,1
Spinacia olerace,1
Sophora flavescents,1
Erwinia carotovora,1
D. nipponica,1
Curcuma zeodaria,1
Actinomyces viscosus,1
Avena viridis,1
Actinomyces odontolyticus,1
C. roseus,1
Myrtus citrifolia,1
Paeoniae semen,1
Trichophyton simii,1
Rhizoma curcumae,1
Campylobacter jejuni,1
Fritillaria bulbus,1
Ecklonia kurome,1
Zizyphi fructus,1
Artemisia desmanthum,1
Alicyclobacillus acidoterrestris,1
Ocimum cannum,1
Ocimum sanctrm,1
Trichoderma atroviride,1
Triticum tenellus,1
Larrea tridentata,1
Phytophthora parasitica,1
Alismatis rhizome,1
Mucuna pruriens,1
M. officinalis,1
Phyllanthus urinaria,1
Lactobacillus salivarius,1
Teucrium hyrcanicum,1
Streptomyces kasugaensis,1
Coccidioides immitis,1
Azadirachta actinomycetemcomitans,1
Pergularia daemia,1
Avena paniculata,1
Artemisia absinthium,1
Ocimum sauve,1
Symphonia globulifera,1
Z. jujube,1
Carum glabrata,1
C. coarctatum,1
Eucalyptus globules,1
Rose alba,1
Petunia hybrida,1
Dracocephalum moldavica,1
Carpesium multisachys,1
Cynara albicans,1
Colletotrichum ambrosioides,1
Diacarnus megaspinorhabdosa,1
Coriandrum reflexa,1
O. serratum,1
Garcinia mckeaniana,1
V. vinifera,1
Lactuca sativa,1
Melissa thessalum,1
Leuconostoc mesenteroides,1
O. minimum,1
Valeriana wallichi,1
Passiflora incarnata,1
Angiopteris evecta,1
Lemna minor,1
Thespesia danis,1
Croton cajucara,1
Deinococcus thermus,1
Amorphophallus paeniifolius,1
Limoniastrum guyonianum,1
Achillea clavennae,1
Tanacetum nubigenum,1
Caesalpinia pulcherrima,1
Amaranthus caudatus,1
Ocimum teniuflorum,1
Coleus aromaticus,1
Myriophyllum spicatum,1
Ilex cornuta,1
Chebulic myrobalan,1
Cymbogogon citratus,1
Magnolia kobus,1
Gynostemma pentaphyllum,1
T. pyogenes,1
Tessaria absinthioides,1
Chlorophytum borivialinum,1
Platanus orientalis,1
Artemisia coccinea,1
Papulaspora immersa,1
Ipomoea alba,1
Eclipta alba,1
Asparagus racemosus,1
Pseudomonas fluorescens,1
Spodoptera litura,1
Aspergillus oryzae,1
Camellia sinens,1
Aureobasidium pullulans,1
Citrus parapsilosis,1
Medicago tranculata,1
Andrographis paniculate,1
Carpesium fortune,1
M. verticillata,1
Aspergillus fumigates,1
Eikenella corrodens,1
Sample preparation,1
Stereum hirsutum,1
Citropsis articulata,1
Hippophae perforatum,1
Callosobruchus ambrosioides,1
Pausinystalia yohimbe,1
S. lanata,1
Dioscorea belophylla,1
M. speciose,1
E. alba,1
Solanum miltiorrhiza,1
Cronobacter zurichensis,1
Salvia glutinosa,1
Strychnos icaja,1
Convolvulus pluricaulis,1
Aeromonas hydrophila,1
Capparis zeylanica,1
Cymbopogon nardus,1
D. rhizoma,1
Solanum lycopercicum,1
Nandina domestica,1
Penicillium syringae,1
Carum tropicalis,1
Parthenium argentatum,1
Plasmodium ovale,1
Thelypteris ciliata,1
Peganum harmala,1
Colletotrichum sinensis,1
Plasmodium knowlesi,1
E. prostrata,1
Syzygium densiflorum,1
Salvia aromaticum,1
Polyherbal preparations,1
Penicillium marneffei,1
Vernonia amygdalina,1
Lippia alba,1
Oscimum sanctum,1
Vatica cinerea,1
Mentha cablin,1
Plectranthus barbatus,1
Quercus infectoria,1
Lippie sidoides,1
Grewia bilamellata,1
Setaria italic,1
Salvia verticillata,1
Capsicum aurantium,1
Artemisia verticillata,1
Paludomyces mangrovei,1
Coffea canephora,1
Dillenia indica,1
Woodfordia fruticosa,1
Salvia hispanica,1
Drechslera sorghicola,1
Cynara scolymus,1
Artemisia multiflora,1
Eucalyptus citriodora,1
P. kurroa,1
Melocanna baccifera,1
Lotus corniculatus,1
Vernonia cinerea,1
Antirrhinum majus,1
Putranjiva roxburghii,1
Staphylcoccus aureus,1
C. acutatum,1
Azadiracta indica,1
Daucus vulgaris,1
Trypanosoma cruzi,1
Neisseria gonorrhoeae,1
Glycerrhiza glabra,1
Phyllanthus amarus,1
Piper chaba,1
Fragaria vesca,1
Quercus laceyi,1
Coleus forskohlii,1
Microsporum gypseum,1
Rhizoma pinelliae,1
Conyza anthelmintica,1
Culex pipiens,1
Leonurus nepetifolia,1
Calamintha nepeta,1
Kava kava,1
Laurus nobilis,1
Vismia orientalis,1
Solanum melongena,1
Ocimum kilimandsharicum,1
Hibiscus rosasinensis,1
Pelargonium graveolens,1
Staphylococcus coagulase,1
Capsicum frutescens,1
Psidium densicomum,1
S. mukorossi,1
Apium grandis,1
U. dioca,1
Citrus sativum,1
Moraxella catarrhalis,1
Podophyllum edulis,1
Haemophilus influenza,1
Naringi crenulata,1
Silybum aureus,1
Arthrobacter gangotriensis,1
Ageratum terreus,1
Phyllostachys glauca,1
Costus speciosus,1
Agrobacterium grandis,1
Azolla microphylla,1
Trigonella belerica,1
Schistocerca gregaria,1
Achras zapota,1
Garcinia indica,1
Thymus capitata,1
Ocimum sanctumseed,1
Phlomis bracteosa,1
Carum violaceum,1
Melissa alysson,1
Column specification,1
Eucalytus globulus,1
Bremia lactuca,1
Bending frequency,1
Hedyotis diffusa,1
Jatropha isabelli,1
Eucalyptus odorata,1
Erythrina abyssinica,1
Picrorhiza ginseng,1
Pseudomonas vulgaris,1
Cinnamom longa,1
Centella arachnoids,1
Lilium longiflorum,1
Mentha aquatic,1
Viola tricolor,1
Selaginella bicolor,1
Stachys byzantina,1
Mahonia aquifolium,1
Pyoderma faciale,1
Locusta migratoria,1
Coriandrum tinctorius,1
Solanum nigrum,1
Gleichenia glauca,1
Callosobruchus chinensis,1
Salvia recognita,1
Aristolochia fangchi,1
Prosopis glandulosa,1
Calotropis gigantean,1
Pongamia nigrum,1
Shewanella oneidensis,1
Jujubae fructus,1
Penicillium chrysogenum,1
Zanthoxylum chiloperone,1
Galenia africana,1
Stretching frequency,1
Nauclea orientalis,1
E. offcinalis,1
Miquelia dentate,1
Carex pilosa,1
Anticarsia gemmatalis,1
Experimental protocol,1
Centella as,1
Marsilea minuta,1
Capnocytophaga gingivalis,1
Camelina sativa,1
Desmo gagenticum,1
E. faecalis,1
Cryptocarya massoia,1
Prevotell intermedia,1
Picrolemma spruce,1
Cynara sativum,1
Antidesma madagascariense,1
Satureja officinalis,1
Colletotrichum fulcatum,1
Aspergillus orizae,1
Veillonella parvula,1
Artabotrys odoratissimus,1
Hemidesmus indicus,1
Aloe ferox,1
Tribolium castaneum,1
Cassia auriculata,1
Cinnamom roseus,1
Fusarium moniliforme,1
Aquilegia caerulea,1
Boswellia ovalifoliolata,1
Plectonema boryanum,1
Vibrio cholera,1
Staphyloccus aureus,1
P. marsupium,1
Cinnamomum zeylanisum,1
Pleioblastus yixingensis,1
Trichoderma crispa,1
Prevotella nigrescens,1
Pinus glutinosa,1
Commiphora argel,1
Syzygium caryophyllatum,1
Stevia rebaudiana,1
Eucalyptus dunnii,1
Apocynum venetum,1
O. corniculata,1
Althaea officinalis,1
Carpesium serratus,1
Staphylococcus faecalis,1
Cedrus deodara,1
Digitalis purpurea,1
Salmonella typhosa,1
Hyaloperonospora brassicae,1
Citrus allbicans,1
Ramulus cinnamomi,1
Salvia epidermidis,1
Terminalia arjuna,1
Cladosporium cladosporioides,1
Actinobacillus actinomycetemcomitans,1
Acalypha indica,1
Ximenia americana,1
Peptostreptococcus anaerobius,1
Gallus gallus,1
Lippia sidoides,1
Artemisia indica,1
Cinnamomum aromaticum,1
Elsholtzia communis,1
Commiphora myrrha,1
Syzigium cumini,1
Culex tritaeniorhynchus,1
Psorospermum glaberrimum,1
Musa acuminata,1
Clerodendron infortunatum,1
Streptomyces nigrescens,1
Spinacea oleracea,1
Mentha gracilis,1
Piper tricuspe,1
Temperature specification,1
Syzigium jambolanum,1
Salvia pomifera,1
Clinacanthus nutans,1
Callosobruchus pentaphylla,1
Pseudomonas chloroaphis,1
G. elegans,1
Teucrium chamaedrys,1
Litsea cubeba,1
Poria alba,1
Agrimonia eupatoria,1
Ocimum utricifolium,1
Iris pseudacorus,1
Persea obovatifolia,1
Bacillus indicus,1
Melissa arvensis,1
Conyza erigeron,1
Penicillium verrucosum,1
Spodoptera frugiperda,1
Xylosma longifolium,1
Curvularia aeria,1
Sarcandra radula,1
E. hirta,1
Glycolic propolis,1
Shewanella algae,1
Alchemilla mollis,1
Propionibacterium acne,1
Cucumis melo,1
R. muricatus,1
Coriandrum album,1
S. marcescens,1
Cocos nucifera,1
Leonurus angustifolia,1
Achromobacter xylosoxidans,1
Bruguiera sexangula,1
Cedrus longa,1
Dacus carota,1
E. jambolana,1
Piper claussenianum,1
T. officinale,1
Teucrium polium,1
Mitrephora diversifolia,1
Malus pumilo,1
Conyza erigero,1
O. micranthum,1
L. aphaca,1
Nepata cataria,1
Prevotella intermedi,1
Colchicum autumnale,1
Prosopis cineraria,1
Selaginella moellendorfii,1
Rhodopseudomonas capsulate,1
M. pudica,1
Eupatorium odoratum,1
Lactobacillus casei,1
Gardenia max,1
Plantaginis semen,1
Sida cordifolia,1
Datura innoxia,1
Colletotrichum lindemuthianum,1
Plasmopara viticola,1
Herbaspirillum seropedicae,1
Delisea pulchra,1
F. glomerata,1
Chaetomium albicans,1
Arnebia nobilis,1
Citrus lemon,1
Platostoma aeuginosa,1
Ficus carica,1
Pseudomonas proteolytica,1
Chenopodium album,1
Ageratum flavus,1
Penicillium crustosum,1
Lactuca serriola,1
Trypanosoma congolense,1
Leucas chinensis,1
Sesbania rostrata,1
Pseudoperonospora cubensis,1
Tamarindus indica,1
X. campestris,1
Leishmania major,1
Ageratum niger,1
Salvia sclarea,1
A. niger,1
Pseudomonas ananatis,1
Enterobacter coli,1
Aspidosperma vargasii,1
Citrus hystrix,1
Serratia marcescens,1
C. mukul,1
Strophioblachia fimbricalyx,1
Stenochlaena palustris,1
Genlisea aurea,1
Telectadium dongnaiense,1
Sargassum persica,1
Acne millefolium,1
Cardiospermum helicacabum,1
D. sissoo,1
Illicium verum,1
Quercus alba,1
Origanum basilicum,1
Hypoxis hemerocallidea,1
Penicillium roxburghii,1
O. vulgatum,1
Drosophila melanogaster,1
Yashada bhasma,1
Piptadenia pervillei,1
Echinops hoehnelii,1
Verbascum thapsus,1
Phaeocystis aeruginosa,1
Laminaria digitata,1
L. erythrorhizon,1
Phyla dulcis,1
Terminalia bellerica,1
Annona squamosa,1
Picrorhiza cineraria,1
Smallanthus sonchifolius,1
Cuminum cyminum,1
Zizyphus jujuba,1
Pythium aphanidermatum,1
Schisandra chinensis,1
Piriformospora indica,1
Dendrophthoe falcate,1
Polygonum minus,1
Shewanella alga,1
